{
 "Device" : "GW2A-18C",
 "Files" : [
  {
   "Path" : "C:/ASIER/00-Electronica/U1-FPGAs/Proyecto/src/FPGA_uart_2_pwm/src/TOP.v",
   "Type" : "verilog"
  },
  {
   "Path" : "C:/ASIER/00-Electronica/U1-FPGAs/Proyecto/src/FPGA_uart_2_pwm/src/RG_control.v",
   "Type" : "verilog"
  },
  {
   "Path" : "C:/ASIER/00-Electronica/U1-FPGAs/Proyecto/src/FPGA_uart_2_pwm/src/Uart_rx.v",
   "Type" : "verilog"
  },
  {
   "Path" : "C:/ASIER/00-Electronica/U1-FPGAs/Proyecto/src/FPGA_uart_2_pwm/src/Uart_tx.v",
   "Type" : "verilog"
  }
 ],
 "IncludePath" : [

 ],
 "LoopLimit" : 2000,
 "ResultFile" : "C:/ASIER/00-Electronica/U1-FPGAs/Proyecto/src/FPGA_uart_2_pwm/impl/temp/rtl_parser.result",
 "Top" : "",
 "VerilogStd" : "verilog_2001",
 "VhdlStd" : "vhdl_93"
}